index,methodid,data,details,to,method,ExtraParams
2,0x82ad56cb,00000000000000000000000000000000000000000000000000000000000000200000000000000000000000000000000000000000000000000000000000000008000000000000000000000000000000000000000000000000000000000000010000000000000000000000000000000000000000000000000000000000000001c000000000000000000000000000000000000000000000000000000000000002800000000000000000000000000000000000000000000000000000000000000340000000000000000000000000000000000000000000000000000000000000040000000000000000000000000000000000000000000000000000000000000004c0000000000000000000000000000000000000000000000000000000000000058000000000000000000000000000000000000000000000000000000000000006400000000000000000000000005806e416da447b267cea759358cf22cc41fae80f00000000000000000000000000000000000000000000000000000000000000010000000000000000000000000000000000000000000000000000000000000060000000000000000000000000000000000000000000000000000000000000002470a08231000000000000000000000000747001f7dd22202ccad0b070d9e7c577c8578218000000000000000000000000000000000000000000000000000000000000000000000000000000009d1db8253105b007ddde65ce262f701814b911250000000000000000000000000000000000000000000000000000000000000001000000000000000000000000000000000000000000000000000000000000006000000000000000000000000000000000000000000000000000000000000000244d2301cc000000000000000000000000747001f7dd22202ccad0b070d9e7c577c8578218000000000000000000000000000000000000000000000000000000000000000000000000000000006581e59a1c8da66ed0d313a0d4029dce2f746cc500000000000000000000000000000000000000000000000000000000000000010000000000000000000000000000000000000000000000000000000000000060000000000000000000000000000000000000000000000000000000000000002470a08231000000000000000000000000747001f7dd22202ccad0b070d9e7c577c8578218000000000000000000000000000000000000000000000000000000000000000000000000000000007eeca4205ff31f947edbd49195a7a88e6a91161b00000000000000000000000000000000000000000000000000000000000000010000000000000000000000000000000000000000000000000000000000000060000000000000000000000000000000000000000000000000000000000000002470a08231000000000000000000000000747001f7dd22202ccad0b070d9e7c577c8578218000000000000000000000000000000000000000000000000000000000000000000000000000000009dad8a1f64692adeb74aca26129e0f16897ff4bb00000000000000000000000000000000000000000000000000000000000000010000000000000000000000000000000000000000000000000000000000000060000000000000000000000000000000000000000000000000000000000000002470a08231000000000000000000000000747001f7dd22202ccad0b070d9e7c577c8578218000000000000000000000000000000000000000000000000000000000000000000000000000000008239fbb3e3d0c2cdfd7888d8af7701240ac4dca400000000000000000000000000000000000000000000000000000000000000010000000000000000000000000000000000000000000000000000000000000060000000000000000000000000000000000000000000000000000000000000002470a08231000000000000000000000000747001f7dd22202ccad0b070d9e7c577c8578218000000000000000000000000000000000000000000000000000000000000000000000000000000007f8e75356015fecfaff66e2b34f181a093dc451900000000000000000000000000000000000000000000000000000000000000010000000000000000000000000000000000000000000000000000000000000060000000000000000000000000000000000000000000000000000000000000002470a08231000000000000000000000000747001f7dd22202ccad0b070d9e7c577c857821800000000000000000000000000000000000000000000000000000000000000000000000000000000c63fab87cb00249190577937ab6e04da0ae6963300000000000000000000000000000000000000000000000000000000000000010000000000000000000000000000000000000000000000000000000000000060000000000000000000000000000000000000000000000000000000000000002470a08231000000000000000000000000747001f7dd22202ccad0b070d9e7c577c857821800000000000000000000000000000000000000000000000000000000,call,0x9d1dB8253105b007DDDE65Ce262f701814B91125,eth_call,latest
5,0xbf92857c,000000000000000000000000747001f7dd22202ccad0b070d9e7c577c8578218,call,0x9261b5891d3556e829579964B38fe706D0A2D04a,eth_call,latest
7,0x51974cc0,00000000000000000000000040c33ccbf44f554e1bf8379be1a5151ab0f80f65000000000000000000000000747001f7dd22202ccad0b070d9e7c577c8578218,call,0xfb618D1e361C362adDE4E148A4Dc85465a0A4A22,eth_call,latest
9,0xec489c21,00000000000000000000000040c33ccbf44f554e1bf8379be1a5151ab0f80f65,call,0xfb618D1e361C362adDE4E148A4Dc85465a0A4A22,eth_call,latest
69,0xd1946dbc,,call,0x9261b5891d3556e829579964B38fe706D0A2D04a,eth_call,latest
76,0x1dd7cecf,000000000000000000000000747001f7dd22202ccad0b070d9e7c577c8578218000000000000000000000000000000000000000000000000000000000000004000000000000000000000000000000000000000000000000000000000000000046162677400000000000000000000000000000000000000000000000000000000,call,0x4381dC2aB14285160c808659aEe005D51255adD7,eth_call,latest
77,0xb067c623,000000000000000000000000747001f7dd22202ccad0b070d9e7c577c8578218000000000000000000000000000000000000000000000000000000000000004000000000000000000000000000000000000000000000000000000000000000a0000000000000000000000000000000000000000000000000000000000000000000000000000000000000000000000000000000000000000000000000000003e8000000000000000000000000000000000000000000000000000000000000000100000000000000000000000000000000000000000000000000000000000000000000000000000000000000000000000000000000000000000000000000000000,call,0xd9A998CaC66092748FfEc7cFBD155Aae1737C2fF,eth_call,latest
88,0x9d23d9f2,000000000000000000000000000000000000000000000000000000000000002000000000000000000000000000000000000000000000000000000000000000030000000000000000000000007eeca4205ff31f947edbd49195a7a88e6a91161b0000000000000000000000009dad8a1f64692adeb74aca26129e0f16897ff4bb0000000000000000000000008239fbb3e3d0c2cdfd7888d8af7701240ac4dca4,call,0x3031fE6A015f367D675476F48499C8A9517cEc34,eth_call,latest
92,0x82ad56cb,00000000000000000000000000000000000000000000000000000000000000200000000000000000000000000000000000000000000000000000000000000000,call,0x9d1dB8253105b007DDDE65Ce262f701814B91125,eth_call,latest
238,0xdd62ed3e,000000000000000000000000747001f7dd22202ccad0b070d9e7c577c85782180000000000000000000000009261b5891d3556e829579964b38fe706d0a2d04a,call,0x9DAD8A1F64692adeB74ACa26129e0F16897fF4BB,eth_call,latest
285,0x617ba037,0000000000000000000000009dad8a1f64692adeb74aca26129e0f16897ff4bb00000000000000000000000000000000000000000000000000000000000018ac000000000000000000000000747001f7dd22202ccad0b070d9e7c577c85782180000000000000000000000000000000000000000000000000000000000000000,call,0x9261b5891d3556e829579964B38fe706D0A2D04a,eth_call,latest
355,,0x090b9d6c442d5fa8a41fdb4ebcdb648c12fee7be39c06ec4f8f57647b9705771,tx_hash,,eth_getTransactionByHash,
363,,0x170fa2,0x_unknown,,eth_getBlockByNumber,True
451,,0x170fa3,0x_unknown,,eth_getBlockByNumber,True
475,,0x170fa5,0x_unknown,,eth_getBlockByNumber,True
476,,0x170fa4,0x_unknown,,eth_getBlockByNumber,True
899,0x82ad56cb,00000000000000000000000000000000000000000000000000000000000000200000000000000000000000000000000000000000000000000000000000000002000000000000000000000000000000000000000000000000000000000000004000000000000000000000000000000000000000000000000000000000000000e000000000000000000000000095c5b81fb99c91d4eae15a28302c0200607b9d4e000000000000000000000000000000000000000000000000000000000000000100000000000000000000000000000000000000000000000000000000000000600000000000000000000000000000000000000000000000000000000000000004766718080000000000000000000000000000000000000000000000000000000000000000000000000000000095c5b81fb99c91d4eae15a28302c0200607b9d4e00000000000000000000000000000000000000000000000000000000000000010000000000000000000000000000000000000000000000000000000000000060000000000000000000000000000000000000000000000000000000000000000461a8c8c400000000000000000000000000000000000000000000000000000000,call,0x9d1dB8253105b007DDDE65Ce262f701814B91125,eth_call,latest
911,0xdd62ed3e,000000000000000000000000747001f7dd22202ccad0b070d9e7c577c857821800000000000000000000000095c5b81fb99c91d4eae15a28302c0200607b9d4e,call,0x7EeCA4205fF31f947EdBd49195a7A88E6A91161B,eth_call,latest
1061,0xfe3b2b88,000000000000000000000000000000000000000000000000000000000000002000000000000000000000000000000000000000000000000000000000000000046162677400000000000000000000000000000000000000000000000000000000,call,0x4381dC2aB14285160c808659aEe005D51255adD7,eth_call,latest
1145,0x992907fb,0000000000000000000000000000000000000000000000000000000000000020000000000000000000000000000000000000000000000000000000000000001a62657261636861696e5f65706f63685f6964656e746966696572000000000000,call,0x612Dd8a861161819A4AD8F6f3E2A0567602877c0,eth_call,latest
